{
	"data" : {
		"screenTitle" : "Scenario",
		"listText" : "",
		"audioQuePoints" :[
			{"startTime":"0","endTime":"3","className":"row_1","isShown":"false","type":"fadeIn"},
			{"startTime":"3.20","endTime":"6.7","className":"row_2","isShown":"false","type":"fadeIn"},
			{"startTime":"6.9","endTime":"10.5","className":"row_3","isShown":"false","type":"fadeIn"},
			{"startTime":"10.9","endTime":"14.6","className":"row_4","isShown":"false","type":"fadeIn"},
			{"startTime":"14.8","endTime":"17.3","className":"row_5","isShown":"false","type":"fadeIn"},
			{"startTime":"17.4","endTime":"21","className":"row_6","isShown":"false","type":"fadeIn"}
		],
		"clickTabTranscript" : "Click on each tab to know more.",
		"optionResponses":[
			{
				"responseText" : "Sandeep cancels his leave to complete the project.",
				"response" : {
					"videoPath" : "assets/media/video/shot_07_2.mp4",
					"transcript" : "<p>Sandeep: I have decided to cancel my leave due to our project work and delivery. I will continue my work and meet the project deadline.</p><p>Wilson: Thank you very much, Sandeep.</p>"
				},
				"strategy" : {
					"type" : "<strong>(Accommodating)</strong>",
					"description" : "<p>Accommodating is a strategy where one party ignores his own concerns to satisfy the concerns of the other party; there is an element of self-sacrifice in this strategy.</p> <p>This technique takes the form of selfless generosity, obeying another party’s order when you would not prefer to do it.</p>",
					"highLightClass" : "thirdTab .conflictText_5",
					"audio":"slide_04_3",
					"transcript" : "<p>This response is an example of the accommodating strategy.</p><p>Accommodating is a strategy where one party ignores his own concerns to satisfy the concerns of the other party; there is an element of self-sacrifice in this strategy.</p><p>This technique takes the form of selfless generosity, obeying another party’s order when you would not prefer to do it.</p><p>We had completed the discussion on accommodating strategy.</p>",
					"hintText" : "<p>We had completed the discussion on accommodating strategy.</p>",
					"audioQuePoints":[
						{"startTime":"20","endTime":"23.5","className":"screenHint_1","isShown":"false","type":"fadeIn"}
					]
				},
				"conflictModel" : {
					"audioQuePoints" :[
						{"startTime":"0","endTime":"9","className":"conImg1","isShown":"false","type":"fadeIn"},
						{"startTime":"9","endTime":"10","className":"conImg1","isShown":"false","type":"fadeOut"},
						
						{"startTime":"10","endTime":"24","className":"secondTab .flowChart_kilman,.secondTab .kilmannText_1","isShown":"false","type":"fadeIn"},
						{"startTime":"14.8","endTime":"24","className":"secondTab .flowChartText,.secondTab .flowChartText_1","isShown":"false","type":"fadeIn"},
						{"startTime":"15.2","endTime":"24","className":"secondTab .flowChartText,.secondTab .flowchartArrow","isShown":"false","type":"fadeIn"},
						{"startTime":"16.3","endTime":"24","className":"secondTab .flowChartText,.secondTab .flowChartText_2","isShown":"false","type":"fadeIn"},
						{"startTime":"17.2","endTime":"24","className":"secondTab .flowChartText,.secondTab .flowChartText_3","isShown":"false","type":"fadeIn"},
						
						{"startTime":"24","endTime":"25","className":"secondTab .flowChartText,.secondTab .kilmannText_1","isShown":"false","type":"fadeOut"},
						{"startTime":"24","endTime":"25","className":"secondTab .conflictImgArea,.secondTab .kilmannText_2","isShown":"false","type":"fadeIn"},
						{"startTime":"25.9","endTime":"26.7","className":"secondTab .conflictText_5","isShown":"false","type":"fadeIn"},
						{"startTime":"26.9","endTime":"27.6","className":"secondTab .conflictText_4","isShown":"false","type":"fadeIn"},
						{"startTime":"27.8","endTime":"28.9","className":"secondTab .conflictText_3","isShown":"false","type":"fadeIn"},
						{"startTime":"29","endTime":"29.7","className":"secondTab .conflictText_2","isShown":"false","type":"fadeIn"},
						{"startTime":"29.8","endTime":"30.9","className":"secondTab .conflictText_1","isShown":"false","type":"fadeIn"},
						{"startTime":"31","endTime":"36","className":"screenHint_1","isShown":"false","type":"fadeIn"}
					],
					"transcript" : "<p>This response is one of the possible way to resolve the conflict. This is called conflict management strategies.</p><p>One of the well known conflict resolution model known as \"Thomas Kilmann Conflict Model\" organizes 5 conflict management strategies based on two dimensions, assertiveness and cooperativeness.</p><p>Here are the five conflict management strategies according to Thomas, K.W., and R.H. Kilmann. They are as Accommodating, Avoiding, Collaborating, Competing and Compromising.</p><p>Thus, we had completed the discussion on Thomas Kilmann Conflict Model.</p>",
					"hintText" : "<p>Thus, we had completed the discussion on Thomas Kilmann Conflict Model.</p>"
				},
				"isClicked" : "false"
			},
			{
				"responseText" : "Wilson approve the leave and assign the project to another colleague.",
				"response" : {
					"videoPath" : "assets/media/video/shot_13_1.mp4",
					"transcript" : "<p>Wilson: Ok, Sandeep. I understand your situation. I will approve your leave and assign the project to Mr. Ajay.</p><p>Sandeep: Thank you, Wilson.</p>"
				},
				"strategy" : {
					"type" : "<strong>(Competing)</strong>",
					"description" : "<p>Competing is used by those people who are simply trying to win. They’re assertive and not cooperative.</p> <p>This method is based on the assumption that one side wins and everyone else loses. Competing strategies is more appropriate for emergency situation or where quick decisive action is required.</p>",
					"highLightClass" : "thirdTab .conflictText_2",
					"audio":"slide_04_4",
					"transcript" : "<p>This response is and example of the competing strategy.</p><p>Competing is used by those people, who are simply trying to win. They’re assertive and not cooperative.</p><p>This method is based on the assumption that one side wins and everyone else loses. </p><p>Competing strategies is more appropriate for emergency situation or where quick decisive action is required.</p><p>We had completed the discussion on competing strategy.</p>",
					"hintText" : "<p>We had completed the discussion on competing strategy.</p>",
					"audioQuePoints":[
						{"startTime":"20.9","endTime":"24.2","className":"screenHint_1","isShown":"false","type":"fadeIn"}
					]
				},
				"conflictModel" : {
					"audioQuePoints" :[
						{"startTime":"0","endTime":"9","className":"conImg1","isShown":"false","type":"fadeIn"},
						{"startTime":"9","endTime":"10","className":"conImg1","isShown":"false","type":"fadeOut"},
						
						{"startTime":"10","endTime":"24","className":"secondTab .flowChart_kilman,.secondTab .kilmannText_1","isShown":"false","type":"fadeIn"},
						{"startTime":"14.8","endTime":"24","className":"secondTab .flowChartText,.secondTab .flowChartText_1","isShown":"false","type":"fadeIn"},
						{"startTime":"15.2","endTime":"24","className":"secondTab .flowChartText,.secondTab .flowchartArrow","isShown":"false","type":"fadeIn"},
						{"startTime":"16.3","endTime":"24","className":"secondTab .flowChartText,.secondTab .flowChartText_2","isShown":"false","type":"fadeIn"},
						{"startTime":"17.2","endTime":"24","className":"secondTab .flowChartText,.secondTab .flowChartText_3","isShown":"false","type":"fadeIn"},
						
						{"startTime":"24","endTime":"25","className":"secondTab .flowChartText,.secondTab .kilmannText_1","isShown":"false","type":"fadeOut"},
						{"startTime":"24","endTime":"25","className":"secondTab .conflictImgArea,.secondTab .kilmannText_2","isShown":"false","type":"fadeIn"},
						{"startTime":"25.9","endTime":"26.7","className":"secondTab .conflictText_5","isShown":"false","type":"fadeIn"},
						{"startTime":"26.9","endTime":"27.6","className":"secondTab .conflictText_4","isShown":"false","type":"fadeIn"},
						{"startTime":"27.8","endTime":"28.9","className":"secondTab .conflictText_3","isShown":"false","type":"fadeIn"},
						{"startTime":"29","endTime":"29.7","className":"secondTab .conflictText_2","isShown":"false","type":"fadeIn"},
						{"startTime":"29.8","endTime":"30.9","className":"secondTab .conflictText_1","isShown":"false","type":"fadeIn"},
						{"startTime":"31","endTime":"36","className":"screenHint_1","isShown":"false","type":"fadeIn"}
					],
					"transcript" : "<p>This response is one of the possible way to resolve the conflict. This is called conflict management strategies.</p><p>One of the well known conflict resolution model known as \"Thomas Kilmann Conflict Model\" organizes 5 conflict management strategies based on two dimensions, assertiveness and cooperativeness.</p><p>Here are the five conflict management strategies according to Thomas, K.W., and R.H. Kilmann. They are as Accommodating, Avoiding, Collaborating, Competing and Compromising.</p><p>Thus, we had completed the discussion on Thomas Kilmann Conflict Model.</p>",
					"hintText" : "<p>Thus, we had completed the discussion on Thomas Kilmann Conflict Model.</p>"
				},
				"isClicked" : "false"
			},
			{
				"responseText" : "Wilson approves the leave with a condition that he should complete the project.",
				"response" : {
					"videoPath" : "assets/media/video/shot_17_1.mp4",
					"transcript" : "<p>Wilson: Hmm. Sandeep. I will approve your leave, but you make sure to complete the project before you go on leave. Is it ok?</p><p>Sandeep: Ok, Wilson. Its ok for me. I will do it.</p><p>Wilson: Thank you, Sandeep.</p>"
				},
				"strategy" : {
					"type" : "<strong>(Collaborating)</strong>",
					"description" : "<p>Collaborating technique involves peoples who are both assertive and cooperative.</p><p>Collaborating requires developed conflict resolution skills to allow each participant to make a contribution based on mutual respect, a willingness to listen to others to find a solution that satisfies the concerns of both.</p> <p>This strategy is also called as \"win-win\" technique.</p>",
					"highLightClass" : "thirdTab .conflictText_3",
					"audio":"slide_04_5",
					"transcript" : "<p>This response corresponds to the collaborating strategy.</p><p>Collaborating technique involves people who are both assertive and cooperative. </p><p>Collaborating requires developed conflict resolution skills to allow each participant to make a contribution based on mutual respect, a willingness to listen to others to find a solution that satisfies the concerns of both.</p><p>This strategy is also called as “win-win” technique.</p><p>Herewith, we had completed the discussion on collaborating strategy.</p>",
					"hintText" : "<p>Herewith, we had completed the discussion on collaborating strategy.</p>",
					"audioQuePoints":[
						{"startTime":"23.6","endTime":"28.4","className":"screenHint_1","isShown":"false","type":"fadeIn"}
					]
				},
				"conflictModel" : {
					"audioQuePoints" :[
						{"startTime":"0","endTime":"9","className":"conImg1","isShown":"false","type":"fadeIn"},
						{"startTime":"9","endTime":"10","className":"conImg1","isShown":"false","type":"fadeOut"},
						
						{"startTime":"10","endTime":"24","className":"secondTab .flowChart_kilman,.secondTab .kilmannText_1","isShown":"false","type":"fadeIn"},
						{"startTime":"14.8","endTime":"24","className":"secondTab .flowChartText,.secondTab .flowChartText_1","isShown":"false","type":"fadeIn"},
						{"startTime":"15.2","endTime":"24","className":"secondTab .flowChartText,.secondTab .flowchartArrow","isShown":"false","type":"fadeIn"},
						{"startTime":"16.3","endTime":"24","className":"secondTab .flowChartText,.secondTab .flowChartText_2","isShown":"false","type":"fadeIn"},
						{"startTime":"17.2","endTime":"24","className":"secondTab .flowChartText,.secondTab .flowChartText_3","isShown":"false","type":"fadeIn"},
						
						{"startTime":"24","endTime":"25","className":"secondTab .flowChartText,.secondTab .kilmannText_1","isShown":"false","type":"fadeOut"},
						{"startTime":"24","endTime":"25","className":"secondTab .conflictImgArea,.secondTab .kilmannText_2","isShown":"false","type":"fadeIn"},
						{"startTime":"25.9","endTime":"26.7","className":"secondTab .conflictText_5","isShown":"false","type":"fadeIn"},
						{"startTime":"26.9","endTime":"27.6","className":"secondTab .conflictText_4","isShown":"false","type":"fadeIn"},
						{"startTime":"27.8","endTime":"28.9","className":"secondTab .conflictText_3","isShown":"false","type":"fadeIn"},
						{"startTime":"29","endTime":"29.7","className":"secondTab .conflictText_2","isShown":"false","type":"fadeIn"},
						{"startTime":"29.8","endTime":"30.9","className":"secondTab .conflictText_1","isShown":"false","type":"fadeIn"},
						{"startTime":"31","endTime":"36","className":"screenHint_1","isShown":"false","type":"fadeIn"}
					],
					"transcript" : "<p>This response is one of the possible way to resolve the conflict. This is called conflict management strategies.</p><p>One of the well known conflict resolution model known as \"Thomas Kilmann Conflict Model\" organizes 5 conflict management strategies based on two dimensions, assertiveness and cooperativeness.</p><p>Here are the five conflict management strategies according to Thomas, K.W., and R.H. Kilmann. They are as Accommodating, Avoiding, Collaborating, Competing and Compromising.</p><p>Thus, we had completed the discussion on Thomas Kilmann Conflict Model.</p>",
					"hintText" : "<p>Thus, we had completed the discussion on Thomas Kilmann Conflict Model.</p>"
				},
				"isClicked" : "false"		
			},
			{
				"responseText" : "Wilson approve leave only for 3 days due to work priority.",
				"response" : {
					"videoPath" : "assets/media/video/shot_21_1.mp4",
					"transcript" : "<p>Wilson: Hmm. Sandeep, I will approve three days leave for you. Since we are having very crucial deadline for the project. Sorry, I can’t approve more leaves at this point.</p><p>Sandeep: Ok, Wilson. I agree for three days’ leave.</p><p>Wilson: Thanks, Sandeep. </p>"
				},
				"strategy" : {
					"type" : "<strong>(Compromising)</strong>",
					"description" : "<p>In compromising strategies, neither party really achieves what they want. This strategies has a moderate level of assertiveness and cooperation.</p><p>The concept of this strategy is that everyone gives up little and no one get all the things they want.</p>",
					"highLightClass" : "thirdTab .conflictText_1",
					"audio":"slide_04_6",
					"transcript" : "<p>This response corresponds to the compromising strategy.</p><p>In compromising strategies, neither party really achieves what they want. This strategies has a moderate level of assertiveness and cooperation. </p><p>The concept of this strategy is that everyone gives up little and no one get all the things they want.</p><p>We had completed the discussion on compromising strategy.</p>",
					"hintText" : "<p>We had completed the discussion on compromising strategy.</p>",
					"audioQuePoints":[
						{"startTime":"17.3","endTime":"20.8","className":"screenHint_1","isShown":"false","type":"fadeIn"}
					]
				},
				"conflictModel" : {
					"audioQuePoints" :[
						{"startTime":"0","endTime":"9","className":"conImg1","isShown":"false","type":"fadeIn"},
						{"startTime":"9","endTime":"10","className":"conImg1","isShown":"false","type":"fadeOut"},
						
						{"startTime":"10","endTime":"24","className":"secondTab .flowChart_kilman,.secondTab .kilmannText_1","isShown":"false","type":"fadeIn"},
						{"startTime":"14.8","endTime":"24","className":"secondTab .flowChartText,.secondTab .flowChartText_1","isShown":"false","type":"fadeIn"},
						{"startTime":"15.2","endTime":"24","className":"secondTab .flowChartText,.secondTab .flowchartArrow","isShown":"false","type":"fadeIn"},
						{"startTime":"16.3","endTime":"24","className":"secondTab .flowChartText,.secondTab .flowChartText_2","isShown":"false","type":"fadeIn"},
						{"startTime":"17.2","endTime":"24","className":"secondTab .flowChartText,.secondTab .flowChartText_3","isShown":"false","type":"fadeIn"},
						
						{"startTime":"24","endTime":"25","className":"secondTab .flowChartText,.secondTab .kilmannText_1","isShown":"false","type":"fadeOut"},
						{"startTime":"24","endTime":"25","className":"secondTab .conflictImgArea,.secondTab .kilmannText_2","isShown":"false","type":"fadeIn"},
						{"startTime":"25.9","endTime":"26.7","className":"secondTab .conflictText_5","isShown":"false","type":"fadeIn"},
						{"startTime":"26.9","endTime":"27.6","className":"secondTab .conflictText_4","isShown":"false","type":"fadeIn"},
						{"startTime":"27.8","endTime":"28.9","className":"secondTab .conflictText_3","isShown":"false","type":"fadeIn"},
						{"startTime":"29","endTime":"29.7","className":"secondTab .conflictText_2","isShown":"false","type":"fadeIn"},
						{"startTime":"29.8","endTime":"30.9","className":"secondTab .conflictText_1","isShown":"false","type":"fadeIn"},
						{"startTime":"31","endTime":"36","className":"screenHint_1","isShown":"false","type":"fadeIn"}
					],
					"transcript" : "<p>This response is one of the possible way to resolve the conflict. This is called conflict management strategies.</p><p>One of the well known conflict resolution model known as \"Thomas Kilmann Conflict Model\" organizes 5 conflict management strategies based on two dimensions, assertiveness and cooperativeness.</p><p>Here are the five conflict management strategies according to Thomas, K.W., and R.H. Kilmann. They are as Accommodating, Avoiding, Collaborating, Competing and Compromising.</p><p>Thus, we had completed the discussion on Thomas Kilmann Conflict Model.</p>",
					"hintText" : "<p>Thus, we had completed the discussion on Thomas Kilmann Conflict Model.</p>"
				},
				"isClicked" : "false"
			},
			{
				"responseText" : "Both are stubborn in their own arguments.",
				"response" : {
					"videoPath" : "assets/media/video/shot_25_1.mp4",
					"transcript" : "<p>Wilson: Sorry Sandeep. As, I have already told you. I cant approve your leave.</p><p>Sandeep: Wilson, I am going on leave for an important reason, which I can’t miss or postpone it.</p><p>Wilson: I am not sure, Sandeep. You please continue your work. I will update to you after two days regarding your leave approval.</p>"
				},
				"strategy" : {
					"type" : "<strong>(Avoiding)</strong>",
					"description" : "<p>Avoiding is when people just ignore or withdraw from the conflict or postpone an issue until a better time, or simply step out of a threatening situation.</p> <p>In this strategy, both the parties do not reach their goals. Sometimes, the issue will get resolved by itself. But in general, avoiding is not a good, long term strategy.</p>",
					"highLightClass" : "thirdTab .conflictText_4",
					"audio":"slide_04_7",
					"transcript" : "<p>This response corresponds to the avoiding strategy.</p><p>Avoiding is when people just ignore or withdraw from the conflict or postpone an issue until a better time, or simply step out of a threatening situation.</p><p>In this strategy, both the parties do not reach their goals.</p><p>Sometimes, the issue will get resolved by itself. But in general, avoiding is not a good, long term strategy.</p><p>Thus, we had completed the discussion on avoiding strategy.</p>",
					"hintText" : "<p>Thus, we had completed the discussion on avoiding strategy.</p>",
					"audioQuePoints":[
						{"startTime":"26.2","endTime":"30.2","className":"screenHint_1","isShown":"false","type":"fadeIn"}
					]
				},
				"conflictModel" : {
					"audioQuePoints" :[
						{"startTime":"0","endTime":"9","className":"conImg1","isShown":"false","type":"fadeIn"},
						{"startTime":"9","endTime":"10","className":"conImg1","isShown":"false","type":"fadeOut"},
						
						{"startTime":"10","endTime":"24","className":"secondTab .flowChart_kilman,.secondTab .kilmannText_1","isShown":"false","type":"fadeIn"},
						{"startTime":"14.8","endTime":"24","className":"secondTab .flowChartText,.secondTab .flowChartText_1","isShown":"false","type":"fadeIn"},
						{"startTime":"15.2","endTime":"24","className":"secondTab .flowChartText,.secondTab .flowchartArrow","isShown":"false","type":"fadeIn"},
						{"startTime":"16.3","endTime":"24","className":"secondTab .flowChartText,.secondTab .flowChartText_2","isShown":"false","type":"fadeIn"},
						{"startTime":"17.2","endTime":"24","className":"secondTab .flowChartText,.secondTab .flowChartText_3","isShown":"false","type":"fadeIn"},
						
						{"startTime":"24","endTime":"25","className":"secondTab .flowChartText,.secondTab .kilmannText_1","isShown":"false","type":"fadeOut"},
						{"startTime":"24","endTime":"25","className":"secondTab .conflictImgArea,.secondTab .kilmannText_2","isShown":"false","type":"fadeIn"},
						{"startTime":"25.9","endTime":"26.7","className":"secondTab .conflictText_5","isShown":"false","type":"fadeIn"},
						{"startTime":"26.9","endTime":"27.6","className":"secondTab .conflictText_4","isShown":"false","type":"fadeIn"},
						{"startTime":"27.8","endTime":"28.9","className":"secondTab .conflictText_3","isShown":"false","type":"fadeIn"},
						{"startTime":"29","endTime":"29.7","className":"secondTab .conflictText_2","isShown":"false","type":"fadeIn"},
						{"startTime":"29.8","endTime":"30.9","className":"secondTab .conflictText_1","isShown":"false","type":"fadeIn"},
						{"startTime":"31","endTime":"36","className":"screenHint_1","isShown":"false","type":"fadeIn"}
					],
					"transcript" : "<p>This response is one of the possible way to resolve the conflict. This is called conflict management strategies.</p><p>One of the well known conflict resolution model known as \"Thomas Kilmann Conflict Model\" organizes 5 conflict management strategies based on two dimensions, assertiveness and cooperativeness.</p><p>Here are the five conflict management strategies according to Thomas, K.W., and R.H. Kilmann. They are as Accommodating, Avoiding, Collaborating, Competing and Compromising.</p><p>Thus, we had completed the discussion on Thomas Kilmann Conflict Model.</p>",
					"hintText" : "<p>Thus, we had completed the discussion on Thomas Kilmann Conflict Model.</p>"
				},
				"isClicked" : "false"
			}
		]
	}
}