{
	"data" :{
		"screens" : [
			{
				"templateName" : "Screen1",
				"pageName" : "Screen1",
				"jsonName" : "Screen1",
				"audio" : "slide_01",
				"transcript" : "<p>Welcome to the course on conflict resolution.</p><p>In this course, we will look at a scenario of conflict in a corporate environment and also the possible strategies.</p><p>At the end of this course, you will be able to define conflict and conflict resolution, demonstrate an example for conflict resolution, and explain the strategies of conflict resolution.</p>"
			},
			{
				"templateName" : "Screen2",
				"pageName" : "Screen2",
				"jsonName" : "Screen2",
				"audio" : "slide_02",
				"transcript" : "<p>Before enter into our topic let me tell you what conflict is,</p><p>Conflict can be described as a disagreement among groups or individuals characterized by antagonism and hostility.</p><p>In any organization, conflicts can arise between co-workers, subordinates, managers or between employees and stakeholders.</p><p>Conflicts result in poor productivity, attrition or even violence at a workplace.</p><p>Resolving a conflict in a timely manner is an important management responsibility.</p><p>Conflict resolution is the process by which two or more parties engaged in a disagreement, dispute, or debate reach an agreement and resolve it.</p>"								
			},
			{
				"templateName" : "Screen3",
				"pageName" : "Screen3",
				"jsonName" : "Screen3",
				"audio" : "slide_03_01",
				"transcript" : "<p>Let’s see a scenario of conflict between a manager and an employee.</p><p>Sandeep:  Hi Wilson! Good Morning.</p><p>Wilson: Good Morning Sandeep. Have you delivered the project yesterday?</p><p>Sandeep: Yes, Wilson. It was signed off from the testing team and delivered to the client yesterday.</p><p>Wilson: Good. Great job, man!</p><p>Sandeep: Wilson, I had sent a mail on last Friday requesting for a leave. Still I didn’t get any reply.</p><p>Wilson: I remember. You asked for six days’ leave, right?</p><p>Sandeep: Yes, Wilson.</p><p>Wilson: You know, the dead line of our major project is very crucial. Then how could you expect me to approve six days’ leave? I am sorry, it’s impossible, Sandeep.</p><p>Sandeep: But as per the policy, I had informed you in advance.</p><p>Wilson: Yes, of course, you informed me in advance. But, the situation is based on the delivery. I can’t approve this leave at this crunch time.</p><p>Sandeep: I want this leave, which is most important for me.</p><p>Wilson: No, Sandeep, please listen.</p><p>Sandeep: No, Wilson, please understand my situation.</p><p>What are the possible ways to resolve this conflict?</p>"								
			},
			{
				"templateName" : "Screen4",
				"pageName" : "Screen4",
				"jsonName" : "Screen4",
				"audio" : "slide_04",
				"transcript" : "<p>Sandeep cancels his leave to complete the project, Wilson approves the leave and assign the project to another colleague, Wilson approves the leave with a condition that he should complete the project, Wilson approves leave only for 3 days due to work priority, and Both are stubborn in their own arguments.</p><p>Click each of the options to know about the relevant response and strategy.</p>"						
			},
			{
				"templateName" : "Screen6",
				"pageName" : "Screen6",
				"jsonName" : "Screen6",
				"audio" : "slide_06",
				"transcript" : "<p>We have reached the end of this module. So far, we have seen the definition of conflict resolution and the strategies to resolve the conflict.</p><p>In fact, productively engaging in a conflict is always valuable.</p><p>Most people are willing and interested in resolving their conflicts;</p><p>they just need the appropriate skill set and opportunities in which they practice these skills.</p><p>Practicing one’s conflict management skills leads to more successful engagement in conflict with outcomes of relief, understanding, better communication, and greater productivity for both the individual and the team.</p>"								
			}		
		]				
	}
}